module,mode,frequency_hz,synchronous_component,quadrature_component,gain_linear,gain_db,phase_deg,status,phase_unwrapped_deg,plot_valid
power_path,D2I,10.000000,5.696775,1.511750,5.89394888535,15.4081273031,14.862003741,ok,14.862003741,1
power_path,D2I,10.467343,5.702600,1.568025,5.91424967013,15.4379930865,15.3744764622,ok,15.3744764622,1
power_path,D2I,10.956527,5.723075,1.647925,5.95560612039,15.4985193511,16.0634366786,ok,16.0634366786,1
power_path,D2I,11.468573,5.714000,1.698450,5.96108449886,15.5065055607,16.5542451939,ok,16.5542451939,1
power_path,D2I,12.004549,5.719550,1.786925,5.99219101482,15.5517129809,17.3500603169,ok,17.3500603169,1
power_path,D2I,12.565574,5.715350,1.884775,6.01810621567,15.5891969698,18.2512225283,ok,18.2512225283,1
power_path,D2I,13.152817,5.736875,1.955425,6.060975309,15.650850296,18.8217766367,ok,18.8217766367,1
power_path,D2I,13.767505,5.720600,2.048800,6.07641718449,15.6729516656,19.7046930741,ok,19.7046930741,1
power_path,D2I,14.410921,5.727100,2.152375,6.11820174158,15.7324758662,20.5973669782,ok,20.5973669782,1
power_path,D2I,15.084405,5.751725,2.260075,6.17982843461,15.8195283661,21.4517813524,ok,21.4517813524,1
power_path,D2I,15.789365,5.756025,2.337900,6.21269669392,15.8656030344,22.1053030638,ok,22.1053030638,1
power_path,D2I,16.527269,5.759375,2.452175,6.25967751735,15.9310392008,23.0628995198,ok,23.0628995198,1
power_path,D2I,17.299662,5.767225,2.565275,6.31201394376,16.0033589919,23.9796087335,ok,23.9796087335,1
power_path,D2I,18.108149,5.784775,2.696300,6.38229233823,16.0995338598,24.9903595525,ok,24.9903595525,1
power_path,D2I,18.954420,5.796900,2.808475,6.44139592291,16.1795998811,25.8492032265,ok,25.8492032265,1
power_path,D2I,19.840242,5.815000,2.924900,6.50916776631,16.2705093025,26.7020421099,ok,26.7020421099,1
power_path,D2I,20.767464,5.805375,3.070025,6.56714796478,16.3475360302,27.8709866094,ok,27.8709866094,1
power_path,D2I,21.738016,5.815675,3.231875,6.65335191623,16.4608099045,29.0617137476,ok,29.0617137476,1
power_path,D2I,22.753927,5.852525,3.371400,6.75413849692,16.5913992362,29.9444829812,ok,29.9444829812,1
power_path,D2I,23.817316,5.860400,3.529275,6.84105768033,16.7024650438,31.057370608,ok,31.057370608,1
power_path,D2I,24.930405,5.868225,3.689700,6.93180717711,16.8169294678,32.1600029249,ok,32.1600029249,1
power_path,D2I,26.095509,5.888400,3.855625,7.03840171492,16.949481009,33.2161028005,ok,33.2161028005,1
power_path,D2I,27.315065,5.902600,4.037925,7.15160996319,17.0880764148,34.3757424065,ok,34.3757424065,1
power_path,D2I,28.591616,5.946600,4.224100,7.29418071959,17.2595303826,35.3876511761,ok,35.3876511761,1
power_path,D2I,29.927826,5.963725,4.411175,7.41784879573,17.4055595298,36.4891381672,ok,36.4891381672,1
power_path,D2I,31.326483,5.991550,4.628225,7.57094036782,17.5829965099,37.6846046989,ok,37.6846046989,1
power_path,D2I,32.790504,6.010750,4.818300,7.70357906771,17.7338508884,38.7161434707,ok,38.7161434707,1
power_path,D2I,34.322948,6.055875,5.067175,7.89619430462,17.9483565328,39.9204716398,ok,39.9204716398,1
power_path,D2I,35.927006,6.092825,5.291675,8.06996535223,18.1374334023,40.9746176796,ok,40.9746176796,1
power_path,D2I,37.606030,6.125100,5.512825,8.24063647364,18.3192151231,41.9884269761,ok,41.9884269761,1
power_path,D2I,39.363522,6.158050,5.761650,8.43316017428,18.5198069826,43.095280944,ok,43.095280944,1
power_path,D2I,41.203152,6.216475,6.047250,8.67258865554,18.7629749622,44.2094357164,ok,44.2094357164,1
power_path,D2I,43.128754,6.256350,6.322825,8.89494414278,18.9828645041,45.3027783212,ok,45.3027783212,1
power_path,D2I,45.144344,6.322000,6.601425,9.14037723678,19.2192824015,46.2386328744,ok,46.2386328744,1
power_path,D2I,47.254135,6.360175,6.909025,9.39076421178,19.4540187238,47.3685582513,ok,47.3685582513,1
power_path,D2I,49.462524,6.431050,7.217300,9.66684143826,19.7056919015,48.2970338499,ok,48.2970338499,1
power_path,D2I,51.774124,6.493550,7.541225,9.95169664445,19.9579425808,49.2691263885,ok,49.2691263885,1
power_path,D2I,54.193752,6.567225,7.895775,10.2699419205,20.2313597509,50.2483775508,ok,50.2483775508,1
power_path,D2I,56.726460,6.667650,8.272675,10.6251921478,20.526735853,51.1317149132,ok,51.1317149132,1
power_path,D2I,59.377533,6.758775,8.633000,10.9640197237,20.7993961628,51.9426109565,ok,51.9426109565,1
power_path,D2I,62.152500,6.867300,9.029925,11.3445738041,21.0957636968,52.7468422399,ok,52.7468422399,1
power_path,D2I,65.057159,6.980200,9.449775,11.7482526186,21.3994655287,53.5480860747,ok,53.5480860747,1
power_path,D2I,68.097557,7.061625,9.869825,12.1358968837,21.6814375536,54.4171812423,ok,54.4171812423,1
power_path,D2I,71.280052,7.184750,10.310350,12.5667796068,21.9844799719,55.1293528794,ok,55.1293528794,1
power_path,D2I,74.611275,7.349825,10.794150,13.0588514714,22.3180996467,55.748731166,ok,55.748731166,1
power_path,D2I,78.098183,7.506650,11.244500,13.5199324877,22.6194904589,56.2735546167,ok,56.2735546167,1
power_path,D2I,81.748055,7.695950,11.751125,14.0469421999,22.951635908,56.7787391132,ok,56.7787391132,1
power_path,D2I,85.568489,7.870550,12.305475,14.6071993304,23.2913391141,57.3971237274,ok,57.3971237274,1
power_path,D2I,89.567474,8.067975,12.854350,15.1765125942,23.6234397328,57.8857476916,ok,57.8857476916,1
power_path,D2I,93.753349,8.289900,13.430150,15.7826287745,23.9635868306,58.3146086389,ok,58.3146086389,1
power_path,D2I,98.134850,8.530550,14.022975,16.4138390133,24.3042033911,58.68673445,ok,58.68673445,1
power_path,D2I,102.721115,8.848100,14.694000,17.1523324831,24.6864637303,58.9454427179,ok,58.9454427179,1
power_path,D2I,107.521721,9.145200,15.339350,17.8586209283,25.0369583785,59.1969350161,ok,59.1969350161,1
power_path,D2I,112.546677,9.437300,16.014950,18.5887400001,25.3849990601,59.4899783538,ok,59.4899783538,1
power_path,D2I,117.806465,9.797200,16.784550,19.4346661032,25.7715416729,59.7277425426,ok,59.7277425426,1
power_path,D2I,123.312073,10.150250,17.473850,20.2079936878,26.1104639511,59.8484547222,ok,59.8484547222,1
power_path,D2I,129.074982,10.526850,18.230900,21.051847561,26.4658043316,59.997089135,ok,59.997089135,1
power_path,D2I,135.107208,10.994200,18.984750,21.9383947955,26.8240969525,59.9245711356,ok,59.9245711356,1
power_path,D2I,141.421356,11.489250,19.864850,22.9480964589,27.2149333341,59.9561635395,ok,59.9561635395,1
power_path,D2I,148.030594,12.049150,20.711200,23.9611314667,27.5901464397,59.8104495028,ok,59.8104495028,1
power_path,D2I,154.948700,12.655450,21.571650,25.0099279972,27.9622488282,59.6011102557,ok,59.6011102557,1
power_path,D2I,162.190125,13.160200,22.432350,26.0077140588,28.3020436335,59.6014851047,ok,59.6014851047,1
power_path,D2I,169.769958,13.896200,23.403300,27.2179871653,28.697120099,59.2993893911,ok,59.2993893911,1
power_path,D2I,177.704056,14.691550,24.429750,28.5070925642,29.0990585183,58.9781629838,ok,58.9781629838,1
power_path,D2I,186.008926,15.552950,25.442050,29.8193253094,29.489956258,58.5621866773,ok,58.5621866773,1
power_path,D2I,194.701935,16.541950,26.393750,31.1490954743,29.8689087976,57.9230896576,ok,57.9230896576,1
power_path,D2I,203.801193,17.584300,27.409600,32.5652234546,30.2550812509,57.3182856917,ok,57.3182856917,1
power_path,D2I,213.325699,18.502600,28.466750,33.9514662765,30.6171707017,56.9772467093,ok,56.9772467093,1
power_path,D2I,223.295334,19.638100,29.596650,35.5192435566,31.0092741631,56.4347546631,ok,56.4347546631,1
power_path,D2I,233.730896,20.972600,30.758050,37.2277798232,31.4173427339,55.7115941968,ok,55.7115941968,1
power_path,D2I,244.654144,22.545750,31.923000,39.0818215039,31.8394959375,54.768192995,ok,54.768192995,1
power_path,D2I,256.087891,24.472650,32.931550,41.029228404,32.261866994,53.3825975589,ok,53.3825975589,1
power_path,D2I,268.056000,26.583400,33.744900,42.9580659664,32.6608944114,51.7698321011,ok,51.7698321011,1
power_path,D2I,280.583405,29.344100,33.114850,44.2455590464,32.9173937364,48.4548476031,ok,48.4548476031,1
power_path,D2I,293.696289,31.459500,33.609200,46.0356216955,33.2618802505,46.8922147656,ok,46.8922147656,1
power_path,D2I,307.421967,32.347800,37.099500,49.2214695544,33.8430915168,48.9141722269,ok,48.9141722269,1
power_path,D2I,321.789124,34.986600,37.968700,51.6302659227,34.2580872379,47.3407028605,ok,47.3407028605,1
power_path,D2I,336.827728,37.867400,38.934600,54.3124576862,34.6979891089,45.7961006342,ok,45.7961006342,1
power_path,D2I,352.569153,41.800100,38.599300,56.8959956456,35.1016340343,42.7201877777,ok,42.7201877777,1
power_path,D2I,369.046234,43.754400,35.188100,56.148463033,34.986757454,38.8068863349,ok,38.8068863349,1
power_path,D2I,386.293365,44.496500,34.184900,56.1119051562,34.9811002893,37.5336469079,ok,37.5336469079,1
power_path,D2I,404.346527,45.525800,34.371400,57.0437691917,35.1241642798,37.0523404109,ok,37.0523404109,1
power_path,D2I,423.243378,47.227800,35.005700,58.7865981779,35.3855665893,36.5461984336,ok,36.5461984336,1
power_path,D2I,443.023376,49.540900,35.967800,61.2207759641,35.7379765983,35.9804877162,ok,35.9804877162,1
power_path,D2I,463.727753,52.455400,36.951600,64.163772736,36.1457978381,35.1623381916,ok,35.1623381916,1
power_path,D2I,485.399780,56.041200,37.811900,67.6044072458,36.5995001851,34.0081738185,ok,34.0081738185,1
power_path,D2I,508.084595,60.166700,38.428100,71.3915307197,37.072933877,32.5661198634,ok,32.5661198634,1
power_path,D2I,531.829590,64.942800,38.782200,75.641432487,37.5751948972,30.8445822682,ok,30.8445822682,1
power_path,D2I,556.684265,70.285800,38.726200,80.2484407829,38.0887320574,28.8539664452,ok,28.8539664452,1
power_path,D2I,582.700562,76.309800,37.879600,85.1941880189,38.6081993607,26.3994495979,ok,26.3994495979,1
power_path,D2I,609.932678,82.854300,36.299000,90.4569092413,39.1288348912,23.6585340713,ok,23.6585340713,1
power_path,D2I,638.437439,90.104300,33.716600,96.2059977031,39.664042956,20.5156097998,ok,20.5156097998,1
power_path,D2I,668.274414,97.718000,30.126000,102.256458965,40.1938149897,17.1342844505,ok,17.1342844505,1
power_path,D2I,699.505737,105.687500,24.971600,108.597552748,40.7164007702,13.2939072745,ok,13.2939072745,1
power_path,D2I,732.196655,113.659600,18.108400,115.093087641,41.2209848237,9.05235926056,ok,9.05235926056,1
power_path,D2I,766.415405,121.391800,9.277100,121.745774841,41.7090779612,4.37020853324,ok,4.37020853324,1
power_path,D2I,802.233276,128.512600,-1.510500,128.521476684,42.1795141372,-0.673407042443,ok,-0.673407042443,1
power_path,D2I,839.725159,134.455400,-14.587200,135.244375088,42.6223842306,-6.19185852227,ok,-6.19185852227,1
power_path,D2I,878.969116,138.549500,-30.078500,141.776867339,43.0321075215,-12.2485998827,ok,-12.2485998827,1
power_path,D2I,920.047119,138.062300,-48.398100,146.299606168,43.3048631405,-19.3182483807,ok,-19.3182483807,1
power_path,D2I,963.044922,133.143500,-65.781500,148.507229906,43.4349519461,-26.2923505273,ok,-26.2923505273,1
power_path,D2I,1008.052185,127.428600,-82.660700,151.890879984,43.6306339642,-32.9707681467,ok,-32.9707681467,1
power_path,D2I,1055.162842,118.265300,-99.306800,154.429665901,43.7746146376,-40.0200173214,ok,-40.0200173214,1
power_path,D2I,1104.475098,105.293300,-114.393300,155.475098038,43.8332167868,-47.3719866974,ok,-47.3719866974,1
power_path,D2I,1156.092041,89.211200,-126.894300,155.115445968,43.8131009163,-54.8914197432,ok,-54.8914197432,1
power_path,D2I,1210.121216,70.500400,-135.435900,152.686572458,43.6760169214,-62.5010208566,ok,-62.5010208566,1
power_path,D2I,1266.675415,51.201300,-139.966200,149.037278102,43.4658982071,-69.906879546,ok,-69.906879546,1
power_path,D2I,1325.872681,31.987100,-141.070300,144.651319069,43.2064479663,-77.2244443053,ok,-77.2244443053,1
power_path,D2I,1387.836426,13.609100,-138.801700,139.467270446,42.8894460257,-84.4002149274,ok,-84.4002149274,1
power_path,D2I,1452.696045,-3.289500,-133.494100,133.53462302,42.5118776941,-91.4115704966,ok,-91.4115704966,1
power_path,D2I,1520.586792,-18.238000,-126.299700,127.609713048,42.1176746417,-98.2168584765,ok,-98.2168584765,1
power_path,D2I,1591.650391,-31.582500,-117.597000,121.764152012,41.710388972,-105.032942616,ok,-105.032942616,1
power_path,D2I,1666.035034,-43.093400,-107.475600,115.793116026,41.2736548215,-111.848803368,ok,-111.848803368,1
power_path,D2I,1743.896118,-52.338500,-95.938500,109.286386913,40.7713213622,-118.61433,ok,-118.61433,1
power_path,D2I,1825.395874,-59.292600,-84.798300,103.471561782,40.2964200861,-124.96198489,ok,-124.96198489,1
power_path,D2I,1910.704468,-64.448600,-72.338900,96.8841498655,39.7250546558,-131.698671427,ok,-131.698671427,1
power_path,D2I,2000.000000,-67.833800,-57.208100,88.7366391523,38.9620595209,-139.857161146,ok,-139.857161146,1
